{
  "slope": 0.031767236315253015,
  "intercept": -63.892871383070734,
  "alpha": 50.0
}